Unnamed: 0,primaryLanguage,nameWithOwner,owner,Related issues,repo_name,issue_file,Additional context,Steps to reproduce,Expected/Actual behavior,Type,Screenshot,Log,Summary,Severity,Environment,Documentation and Testing,repo_name.1,issue_file.1,Supporting Information,Issue/Problem Description,Proposed Solutions and Suggestions,References,Impact Assessment,Submission Guidelines and Formatting,Collaboration and Review,Debugging Information,Greeting and Introduction
6222478,Jinja,trailofbits/algo,trailofbits,0.067245990037918,trailofbits/algo,bug_report.md,0.1227296292781829,0.4925816357135772,0.13299660384655,0.0377463735640049,0.0167926996946334,0.0664063394069671,0.0387402065098285,0.0091003561392426,0.015660123899579,0.0780451893806457,trailofbits/algo,bug_report.md,0.2460255175828933,0.1843059957027435,0.0681569650769233,0.0492031425237655,0.0304633863270282,0.0340517051517963,0.0397027693688869,0.2482830882072448,0.0217623524367809
6222479,Jinja,trailofbits/algo,trailofbits,0.5149273872375488,trailofbits/algo,feature_request.md,0.1454652696847915,0.0450769811868667,0.0258061606436967,0.1055644750595092,0.06195804849267,0.0217847153544425,0.0470670498907566,0.0179259199649095,0.0144239729270339,0.0442224256694316,trailofbits/algo,feature_request.md,0.2547121047973633,0.2337158918380737,0.1453669518232345,0.1169951856136322,0.0335120558738708,0.0495661906898021,0.0389436334371566,0.0382962822914123,0.044669222086668
