Unnamed: 0,primaryLanguage,nameWithOwner,owner,Related issues,repo_name,issue_file,Additional context,Steps to reproduce,Expected/Actual behavior,Type,Screenshot,Log,Summary,Severity,Environment,Documentation and Testing,repo_name.1,issue_file.1,Supporting Information,Issue/Problem Description,Proposed Solutions and Suggestions,References,Impact Assessment,Submission Guidelines and Formatting,Collaboration and Review,Debugging Information,Greeting and Introduction
168,Markdown,labuladong/fucking-algorithm,labuladong,0.1674418598413467,labuladong/fucking-algorithm,others.md,0.1463473588228225,0.0256615672260522,0.0967666357755661,0.0798564553260803,0.0907662212848663,0.0731261819601059,0.2038253545761108,0.0717636868357658,0.0444447100162506,0.0380358062684536,labuladong/fucking-algorithm,others.md,0.2680483758449554,0.1904072910547256,0.1062287390232086,0.0626304149627685,0.0723215192556381,0.0518171712756156,0.0712126195430755,0.0719927698373794,0.0673053637146949
169,Markdown,labuladong/fucking-algorithm,labuladong,0.2158311009407043,labuladong/fucking-algorithm,translate.md,0.1363986730575561,0.0734495148062706,0.0890420824289321,0.0842166319489479,0.0550577715039253,0.0967527404427528,0.0890482887625694,0.1024306565523147,0.0577724911272525,0.0701942816376686,labuladong/fucking-algorithm,translate.md,0.1300968825817108,0.0852425098419189,0.0981310456991195,0.1909087151288986,0.0923173427581787,0.0698196068406105,0.089108221232891,0.074375182390213,0.0998062342405319
