Unnamed: 0,primaryLanguage,nameWithOwner,owner,Related issues,repo_name,issue_file,Additional context,Steps to reproduce,Expected/Actual behavior,Type,Screenshot,Log,Summary,Severity,Environment,Documentation and Testing,repo_name.1,issue_file.1,Supporting Information,Issue/Problem Description,Proposed Solutions and Suggestions,References,Impact Assessment,Submission Guidelines and Formatting,Collaboration and Review,Debugging Information,Greeting and Introduction
4355229,Clojure,metabase/metabase,metabase,0.2129016071557998,metabase/metabase,feature-or-project-implementation.md,0.3842614889144897,0.2417772114276886,0.0371494255959987,0.0312997251749038,0.012453812174499,0.0149653125554323,0.0491744838654994,0.0076073240488767,0.0084095392376184,0.0944422706961631,metabase/metabase,feature-or-project-implementation.md,0.5275691747665405,0.157959833741188,0.0478693768382072,0.0634521320462226,0.0131794456392526,0.0181788317859172,0.0164975561201572,0.0289604030549526,0.0318909808993339
4355230,Clojure,metabase/metabase,metabase,0.4688868224620819,metabase/metabase,feature_request.md,0.139920487999916,0.071080669760704,0.0263066031038761,0.0918956771492958,0.0891430526971817,0.0280650462955236,0.0513576939702034,0.0182391423732042,0.0151047995314002,0.0484257526695728,metabase/metabase,feature_request.md,0.2391715943813324,0.2061245441436767,0.1927494257688522,0.0969258621335029,0.0368065759539604,0.054398126900196,0.0410712584853172,0.0368887037038803,0.047438096255064
